<?xml version="1.0" encoding="UTF-8"?>
<project-private xmlns="http://www.netbeans.org/ns/project-private/1">
    <editor-bookmarks xmlns="http://www.netbeans.org/ns/editor-bookmarks/2" lastBookmarkId="0"/>
    <open-files xmlns="http://www.netbeans.org/ns/projectui-open-files/2">
        <group>
            <file>file:/C:/Users/Kenway/Documents/NetBeansProjects/QR%20Code%20Master/src/Launcher.java</file>
            <file>file:/C:/Users/Kenway/Documents/NetBeansProjects/QR%20Code%20Master/src/QRCode.java</file>
            <file>file:/C:/Users/Kenway/Documents/NetBeansProjects/QR%20Code%20Master/src/QR_Controller.java</file>
        </group>
    </open-files>
</project-private>
